{"stat.drop.minecraft.ice":1,"stat.pickup.minecraft.double_plant":2,"stat.killEntity.Bat":1,"stat.walkOneCm":356063,"stat.pickup.vs_control.elite_engine":1,"stat.pickup.minecraft.bone":1,"stat.pickup.minecraft.wooden_axe":1,"stat.leaveGame":7,"stat.pickup.flansmod.spetsnazbody":1,"stat.useItem.immersivepetroleum.schematic":1,"stat.pickup.minecraft.arrow":5,"stat.useItem.immersiveengineering.conveyor":26,"stat.pickup.flansmod.flanmwunderbarrellaser":1,"stat.mineBlock.minecraft.double_plant":2,"stat.pickup.customnpcs.npcmovingpath":1,"stat.killEntity.Creeper":3,"stat.pickup.extrautils2.enderlilly":1,"stat.useItem.chisel.futura":48,"stat.pickup.minecraft.string":4,"stat.useItem.immersiveengineering.metal_decoration1":29,"stat.jump":525,"stat.swimOneCm":7738,"stat.pickup.customnpcs.npcscripter":1,"stat.fallOneCm":2990,"stat.climbOneCm":8231,"stat.drop.chisel.tyrian":1,"stat.pickup.customnpcs.npcmobcloner":1,"stat.pickup.minecraft.carrot":1,"stat.pickup.flansmod.barrettexplosiveammo":1,"stat.useItem.appliedintegrations.energyexportpartitem":1,"stat.crouchOneCm":21210,"stat.useItem.chisel.tyrian":36,"stat.pickup.minecraft.ender_pearl":1,"stat.sprintOneCm":220456,"stat.useItem.minecraft.stone_slab2":530,"stat.pickup.customnpcs.npcwand":1,"stat.pickup.minecraft.bow":1,"stat.pickup.minecraft.rotten_flesh":2,"stat.pickup.undergroundbiomes.metamorphic_cobble":5,"stat.killEntity.Skeleton":4,"stat.pickup.flansmod.flansworkbench_item":1,"stat.pickup.extrautils2.passivegenerator":1,"stat.drop.minecraft.double_plant":2,"stat.damageTaken":233,"stat.killEntity.Spider":1,"stat.mobKills":22,"stat.pickup.flansmod.mtar":1,"stat.pickup.vs_control.physics_infuser":1,"stat.pickup.minecraft.prismarine_crystals":1,"stat.useItem.customnpcs.npcwand":7,"stat.flyOneCm":1708387,"stat.deaths":2,"stat.drop.appliedintegrations.blockwhitehole":1,"stat.drop":7,"stat.playOneMinute":216822,"stat.pickup.flansmod.ak47":1,"stat.sneakTime":7034,"stat.pickup.flansmod.sigp226ammo":35,"stat.drop.vs_control.elite_engine":1,"stat.killEntity.Zombie":8,"stat.timeSinceDeath":157411,"stat.pickup.minecraft.ice":2,"stat.pickup.minecraft.stained_hardened_clay":1,"stat.pickup.flansmod.exoskeletonboots":1,"stat.useItem.customnpcs.npcmobcloner":6,"stat.mineBlock.minecraft.tallgrass":4,"stat.diveOneCm":5303,"stat.drop.minecraft.wooden_axe":1,"stat.pickup.chisel.tyrian":4,"stat.pickup.flansmod.sentrygun":1,"stat.useItem.compactmachines3.fieldprojector":11,"stat.pickup.flansmod.12gbuckshotammo":1}