{"stat.useItem.minecraft.string":98,"stat.useItem.minecraft.bow":18,"stat.pickup.enderio.block_electric_light":1,"stat.leaveGame":63,"stat.pickup.undergroundbiomes.igneous_stone":1,"stat.killEntity.Ozelot":1,"stat.drop.malisisdoors.verticalhatch":1,"stat.useItem.chisel.technicalnew":94,"stat.pickup.appliedintegrations.blockwhitehole":1,"stat.pickup.customnpcs.npcscripter":1,"stat.pickup.blockcraftery.editable_trap_door_reinforced":1,"stat.useItem.chisel.tyrian":202,"stat.pickup.customnpcs.npcwand":5,"stat.useItem.minecraft.water_bucket":7,"stat.pickup.flansmod.grenadelauncherammo":16,"stat.pickup.minecraft.rotten_flesh":139,"stat.pickup.minecraft.sand":40,"stat.pickup.flansmod.sigp226":1,"stat.killEntity.Enderman":1,"stat.drop.vs_control.physics_infuser":1,"stat.pickup.securitycraft.reinforced_grass_path":6,"stat.drop.chisel.laboratory":2,"stat.drop.undergroundbiomes.sedimentary_stone":1,"stat.pickup.immersiveengineering.wirecoil":3,"stat.useItem.minecraft.spawn_egg":47,"stat.pickup.minecraft.stained_hardened_clay":4,"stat.drop.securitycraft.keypad_chest":1,"stat.pickup.dynamictrees.darkoakseed":14,"stat.pickup.chisel.blocksteel":2,"stat.pickup.enderio.item_basic_capacitor":1,"stat.useItem.immersiveengineering.connector":19,"stat.pickup.valkyrienskies.passenger_chair":1,"stat.drop.chisel.blocksteel":1,"stat.pickup.flansmod.mwknife":2,"stat.useItem.immersivepetroleum.metal_device":6,"stat.useItem.immersiveengineering.wooden_decoration":12,"stat.useItem.enderio.item_data_conduit":25,"stat.pickup.vs_control.speed_telegraph":1,"stat.pickup.flansmod.ak74":2,"stat.pickup.minecraft.potion":498,"stat.useItem.minecraft.flint_and_steel":46,"stat.useItem.blockcraftery.editable_door":4,"stat.pickup.immersiveengineering.sheetmetal":1,"stat.useItem.malisisdoors.verticalhatch":4,"stat.pickup.dynamictrees.oakseed":10,"stat.pickup.flansmod.mim23":2,"stat.pickup.minecraft.lever":2,"stat.pickup.undergroundbiomes.sedimentary_stone":8,"stat.deaths":8,"stat.pickup.flansmod.flanmwmuzzlebreak":1,"stat.pickup.minecraft.egg":3,"stat.pickup.opencomputers.raid":4,"stat.playOneMinute":1878376,"stat.drop.minecraft.string":2,"stat.useItem.immersiveengineering.wooden_device0":33,"stat.pickup.compactmachines3.machine":1,"stat.pickup.enderio.item_liquid_conduit":1,"stat.useItem.immersiveengineering.wooden_device1":16,"stat.pickup.flansmod.gl6":1,"stat.pickup.minecraft.sea_lantern":7,"stat.pickup.minecraft.item_frame":2,"stat.pickup.minecraft.dispenser":1,"stat.pickup.flansmod.ash12":1,"stat.pickup.dynamictrees.jungleseed":22,"stat.pickup.flansmod.ak47ammo":8,"stat.useItem.malisisdoors.rustyhatch":47,"stat.drop.immersiveengineering.metal_decoration1":1,"stat.pickup.minecraft.arrow":25,"stat.useItem.blockcraftery.editable_pressure_plate_all":5,"stat.useItem.bibliocraft.table":1,"stat.pickup.securitycraft.wire_cutters":1,"stat.fallOneCm":4148,"stat.crouchOneCm":72597,"stat.useItem.tconstruct.stone_ladder":1,"stat.pickup.chisel.futura":1,"stat.pickup.flansmod.kskpants":4,"stat.pickup.securitycraft.keypad_chest":1,"stat.useItem.cfm.crate_spruce":5,"stat.pickup.minecraft.planks":1,"stat.pickup.vs_control.physics_infuser":2,"stat.pickup.immersivetech.connectors":2,"stat.pickup.minecraft.wheat_seeds":28,"stat.drop.chisel.technicalnew":2,"stat.pickup.flansmod.sentrygun":2,"stat.pickup.minecraft.flint_and_steel":8,"stat.pickup.immersiveengineering.seed":4,"stat.useItem.minecraft.torch":13,"stat.pickup.cfm.counter":1,"stat.useItem.enderio.item_redstone_conduit":54,"stat.pickup.cfm.crate_spruce":3,"stat.useItem.minecraft.gravel":4,"stat.pickup.minecraft.log":391,"stat.drop.minecraft.stonebrick":1,"stat.drop.securitycraft.reinforced_grass_path":4,"stat.drop.minecraft.planks":1,"stat.pickup.chisel.planks-spruce":1,"stat.pickup.blockcraftery.editable_pressure_plate_all":7,"stat.pickup.minecraft.sapling":1,"stat.pickup.minecraft.wooden_door":1,"stat.drop.flansmod.ak47":1,"stat.drop.flansmod.ak74":1,"stat.pickup.opencomputers.keyboard":2,"stat.pickup.extrautils2.spike_creative":1,"stat.drop.bibliocraft.bigbook":1,"stat.pickup.immersiveengineering.metal_device1":2,"stat.drop.cfm.counter":1,"stat.pickup.minecraft.red_flower":2,"stat.sneakTime":33427,"stat.drop.minecraft.sea_lantern":7,"stat.useItem.minecraft.wooden_axe":13,"stat.pickup.minecraft.stone_slab":64,"stat.useItem.enderio.item_conduit_facade":21,"stat.pickup.vs_control.compacted_valkyrium":1,"stat.drop.minecraft.grass":1,"stat.drop.minecraft.wooden_axe":7,"stat.pickup.bibliocraft.bigbook":1,"stat.pickup.vs_control.giant_propeller_part":2,"stat.pickup.minecraft.bone":21,"stat.pickup.flansmod.kskhelmet":3,"stat.pickup.immersiveengineering.wooden_device1":2,"stat.drop.camping.tent":1,"stat.drop.camping.campfire_wood_off":1,"stat.useItem.undergroundbiomes.sedimentary_stone":20,"stat.useItem.camping.trap":30,"stat.pickup.chisel.technicalnew":2,"stat.pickup.camping.bag":1,"stat.useItem.immersiveengineering.conveyor":213,"stat.useItem.minecraft.diamond_sword":4,"stat.pickup.flansmod.chinook":5,"stat.pickup.immersiveengineering.metal_decoration0":1,"stat.pickup.immersiveengineering.metal_decoration1":2,"stat.pickup.immersiveengineering.metal_decoration2":2,"stat.useItem.immersiveengineering.metal_ladder":54,"stat.swimOneCm":11681,"stat.climbOneCm":127443,"stat.pickup.vs_control.physics_core":2,"stat.pickup.customnpcs.npcmobcloner":3,"stat.pickup.flansmod.kskboots":3,"stat.useItem.minecraft.dirt":56,"stat.useItem.minecraft.stone_slab2":5170,"stat.pickup.camping.sleeping_bag":1,"stat.useItem.minecraft.egg":47,"stat.pickup.minecraft.anvil":1,"stat.drop.customnpcs.npcmobcloner":1,"stat.useItem.chisel.technical1":3,"stat.pickup.flansmod.witheringakammo":4,"stat.flyOneCm":6722097,"stat.pickup.appliedenergistics2.storage_cell_64k":20,"stat.pickup.flansmod.sigp226ammo":220,"stat.timeSinceDeath":572832,"stat.useItem.minecraft.wooden_slab":15,"stat.pickup.malisisdoors.verticalhatch":3,"stat.useItem.minecraft.lever":3,"stat.pickup.minecraft.wooden_axe":11,"stat.pickup.minecraft.stonebrick":4,"stat.useItem.immersivetech.metal_trash":1,"stat.drop.minecraft.dirt":3,"stat.pickup.flansmod.ak74ammo":6,"stat.killEntity.Creeper":6,"stat.pickup.extrautils2.ingredients":4,"stat.pickup.minecraft.string":17,"stat.pickup.securitycraft.codebreaker":2,"stat.drop.customnpcs.npcwand":1,"stat.drop.opencomputers.casecreative":1,"stat.useItem.chisel.ironpane":280,"stat.pickup.camping.trap":1,"stat.useItem.minecraft.sea_lantern":7,"stat.drop.minecraft.birch_fence":1,"stat.sprintOneCm":638533,"stat.useItem.extrautils2.drum":19,"stat.pickup.immersiveengineering.tool":1,"stat.pickup.bibliocraft.potionshelf":1,"stat.useItem.enderio.item_yeta_wrench":7,"stat.useItem.immersiveengineering.wirecoil":18,"stat.pickup.minecraft.grass":1,"stat.useItem.enderio.item_power_conduit":32,"stat.useItem.minecraft.diamond_pickaxe":7,"stat.useItem.cfm.cabinet_kitchen":13,"stat.pickup.chisel.laboratory":2,"stat.drop":51,"stat.useItem.opencomputers.raid":1,"stat.killEntity.Zombie":12,"stat.pickup.minecraft.snowball":64,"stat.drop.littleframes.creative_frame":1,"stat.drop.extrautils2.spike_creative":1,"stat.useItem.camping.sleeping_bag":1,"stat.diveOneCm":17255,"stat.useItem.immersiveengineering.tool":4,"stat.pickup.blockcraftery.editable_door":9,"stat.pickup.flansmod.juggernautbodybrown":3,"stat.pickup.opencomputers.casecreative":1,"stat.useItem.immersiveengineering.metal_decoration1_slab":34,"stat.useItem.immersiveengineering.metal_decoration2":51,"stat.useItem.immersiveengineering.metal_decoration1":564,"stat.jump":4351,"stat.useItem.minecraft.sand":46,"stat.pickup.minecraft.coal":44,"stat.useItem.immersivetech.connectors":19,"stat.pickup.minecraft.gunpowder":4,"stat.pickup.enderio.item_item_conduit":1,"stat.pickup.minecraft.dirt":42,"stat.pickup.camping.campfire_wood_off":4,"stat.pickup.flansmod.grenadelaunchergasammo":16,"stat.pickup.minecraft.command_block":1,"stat.useItem.vs_control.vs_wrench":1,"stat.pickup.chisel.technical":1,"stat.brewingstandInteraction":2,"stat.damageTaken":2202,"stat.dispenserInspected":7,"stat.pickup.minecraft.dark_oak_fence":256,"stat.useItem.enderio.item_liquid_conduit":55,"stat.useItem.camping.tent":9,"stat.useItem.blockcraftery.editable_slant":14,"stat.pickup.valkyrienskies.captains_chair":2,"stat.pickup.minecraft.log2":50,"stat.useItem.customnpcs.npcwand":21,"stat.pickup.minecraft.quartz_block":1,"stat.useItem.cfm.counter":35,"stat.drop.securitycraft.wire_cutters":1,"stat.pickup.minecraft.stained_glass":1,"stat.mineBlock.undergroundbiomes.sedimentary_stone":7,"stat.damageDealt":3713,"stat.useItem.immersiveengineering.metal_device1":196,"stat.useItem.minecraft.snow_layer":1,"stat.pickup.flansmod.gignboots":2,"stat.useItem.chisel.blocksteel":3,"stat.pickup.securitycraft.alarm":3,"stat.useItem.customnpcs.npcmobcloner":26,"stat.useItem.compactmachines3.fieldprojector":26,"stat.useItem.minecraft.command_block":5,"stat.walkOneCm":1778773,"stat.pickup.vs_control.elite_engine":1,"stat.pickup.dynamictrees.birchseed":4,"stat.pickup.minecraft.stick":234,"stat.pickup.littleframes.creative_frame":2,"stat.useItem.immersiveengineering.sheetmetal":144,"stat.useItem.minecraft.lava_bucket":3,"stat.useItem.cfm.fairy_light":7,"stat.pickup.chisel.iron":2,"stat.useItem.vs_control.rotation_axle":1,"stat.pickup.minecraft.ender_pearl":2,"stat.drop.securitycraft.codebreaker":1,"stat.useItem.minecraft.concrete":15,"stat.pickup.flansmod.grenadelauncherincendiaryammo":16,"stat.killEntity.Skeleton":10,"stat.useItem.enderio.item_opencomputers_conduit":58,"stat.pickup.extrautils2.drum":1,"stat.mobKills":64,"stat.pickup.flansmod.mwriotshield":2,"stat.pickup.minecraft.birch_fence":1,"stat.useItem.immersiveengineering.steel_scaffolding_stairs1":1,"stat.pickup.minecraft.water_bucket":1,"stat.pickup.camping.tent":20,"stat.useItem.securitycraft.alarm":4,"stat.pickup.flansmod.humvee":1,"stat.pickup.minecraft.torch":27,"stat.useItem.appliedenergistics2.part":113,"stat.useItem.chisel.factory":138,"stat.drop.chisel.iron":1,"stat.useItem.enderio.item_item_conduit":13}