{"stat.useItem.minecraft.string":1,"stat.pickup.minecraft.bone":18,"stat.pickup.flansmod.kskhelmet":2,"stat.drop.camping.campfire_wood_off":1,"stat.leaveGame":27,"stat.useItem.camping.trap":30,"stat.killEntity.Ozelot":1,"stat.drop.malisisdoors.verticalhatch":1,"stat.useItem.minecraft.diamond_sword":4,"stat.pickup.flansmod.chinook":5,"stat.pickup.immersiveengineering.metal_decoration1":1,"stat.pickup.immersiveengineering.metal_decoration2":1,"stat.useItem.immersiveengineering.metal_ladder":43,"stat.swimOneCm":501,"stat.climbOneCm":52250,"stat.pickup.customnpcs.npcmobcloner":2,"stat.pickup.blockcraftery.editable_trap_door_reinforced":1,"stat.pickup.flansmod.kskboots":2,"stat.useItem.minecraft.dirt":43,"stat.useItem.minecraft.stone_slab2":1674,"stat.pickup.customnpcs.npcwand":2,"stat.useItem.minecraft.water_bucket":7,"stat.pickup.camping.sleeping_bag":1,"stat.pickup.minecraft.rotten_flesh":136,"stat.pickup.minecraft.sand":18,"stat.useItem.minecraft.egg":47,"stat.pickup.minecraft.anvil":1,"stat.drop.customnpcs.npcmobcloner":1,"stat.killEntity.Enderman":1,"stat.flyOneCm":2092966,"stat.pickup.securitycraft.reinforced_grass_path":6,"stat.pickup.appliedenergistics2.storage_cell_64k":20,"stat.pickup.flansmod.sigp226ammo":200,"stat.timeSinceDeath":174515,"stat.useItem.minecraft.spawn_egg":37,"stat.useItem.minecraft.wooden_slab":15,"stat.drop.securitycraft.keypad_chest":1,"stat.pickup.dynamictrees.darkoakseed":14,"stat.pickup.malisisdoors.verticalhatch":3,"stat.pickup.minecraft.wooden_axe":8,"stat.drop.minecraft.dirt":3,"stat.pickup.flansmod.ak74ammo":1,"stat.killEntity.Creeper":5,"stat.pickup.minecraft.string":15,"stat.drop.customnpcs.npcwand":1,"stat.pickup.flansmod.mwknife":1,"stat.pickup.camping.trap":1,"stat.useItem.immersiveengineering.wooden_decoration":4,"stat.drop.minecraft.birch_fence":1,"stat.pickup.flansmod.ak74":2,"stat.sprintOneCm":295639,"stat.pickup.immersiveengineering.tool":1,"stat.pickup.bibliocraft.potionshelf":1,"stat.pickup.minecraft.potion":1,"stat.useItem.minecraft.flint_and_steel":3,"stat.useItem.malisisdoors.verticalhatch":4,"stat.pickup.dynamictrees.oakseed":8,"stat.deaths":5,"stat.drop":26,"stat.pickup.minecraft.egg":1,"stat.playOneMinute":717216,"stat.useItem.immersiveengineering.wooden_device0":33,"stat.killEntity.Zombie":11,"stat.pickup.minecraft.sea_lantern":2,"stat.pickup.minecraft.snowball":6,"stat.pickup.minecraft.dispenser":1,"stat.drop.extrautils2.spike_creative":1,"stat.useItem.camping.sleeping_bag":1,"stat.diveOneCm":802,"stat.pickup.dynamictrees.jungleseed":22,"stat.pickup.flansmod.ak47ammo":8,"stat.useItem.immersiveengineering.tool":1,"stat.useItem.malisisdoors.rustyhatch":12,"stat.drop.immersiveengineering.metal_decoration1":1,"stat.pickup.minecraft.arrow":23,"stat.pickup.flansmod.juggernautbodybrown":2,"stat.useItem.blockcraftery.editable_pressure_plate_all":5,"stat.useItem.immersiveengineering.metal_decoration1_slab":34,"stat.useItem.immersiveengineering.metal_decoration2":41,"stat.useItem.immersiveengineering.metal_decoration1":108,"stat.pickup.securitycraft.wire_cutters":1,"stat.jump":2877,"stat.useItem.minecraft.sand":18,"stat.pickup.minecraft.coal":44,"stat.fallOneCm":2566,"stat.useItem.immersivetech.connectors":11,"stat.pickup.minecraft.gunpowder":3,"stat.crouchOneCm":12653,"stat.pickup.minecraft.dirt":27,"stat.pickup.camping.campfire_wood_off":3,"stat.pickup.minecraft.command_block":1,"stat.pickup.flansmod.kskpants":3,"stat.pickup.securitycraft.keypad_chest":1,"stat.brewingstandInteraction":2,"stat.damageTaken":1490,"stat.dispenserInspected":7,"stat.pickup.minecraft.dark_oak_fence":256,"stat.useItem.camping.tent":1,"stat.pickup.minecraft.log2":50,"stat.pickup.minecraft.planks":1,"stat.useItem.customnpcs.npcwand":9,"stat.pickup.minecraft.wheat_seeds":27,"stat.drop.securitycraft.wire_cutters":1,"stat.damageDealt":3195,"stat.useItem.immersiveengineering.metal_device1":70,"stat.pickup.flansmod.gignboots":2,"stat.useItem.customnpcs.npcmobcloner":26,"stat.pickup.minecraft.flint_and_steel":5,"stat.useItem.minecraft.command_block":5,"stat.walkOneCm":623489,"stat.pickup.immersiveengineering.seed":4,"stat.useItem.minecraft.torch":13,"stat.pickup.minecraft.stick":212,"stat.pickup.littleframes.creative_frame":1,"stat.useItem.enderio.item_redstone_conduit":4,"stat.pickup.cfm.crate_spruce":3,"stat.useItem.minecraft.gravel":4,"stat.useItem.immersiveengineering.sheetmetal":37,"stat.pickup.minecraft.log":365,"stat.drop.securitycraft.reinforced_grass_path":4,"stat.drop.minecraft.planks":1,"stat.pickup.chisel.planks-spruce":1,"stat.pickup.blockcraftery.editable_pressure_plate_all":7,"stat.pickup.minecraft.ender_pearl":2,"stat.pickup.minecraft.sapling":1,"stat.pickup.minecraft.wooden_door":1,"stat.killEntity.Skeleton":8,"stat.drop.flansmod.ak74":1,"stat.pickup.extrautils2.spike_creative":1,"stat.mobKills":56,"stat.pickup.flansmod.mwriotshield":1,"stat.drop.bibliocraft.bigbook":1,"stat.pickup.minecraft.birch_fence":1,"stat.pickup.minecraft.water_bucket":1,"stat.pickup.camping.tent":10,"stat.pickup.immersiveengineering.metal_device1":1,"stat.pickup.minecraft.torch":27,"stat.useItem.appliedenergistics2.part":113,"stat.sneakTime":10038,"stat.drop.minecraft.sea_lantern":2,"stat.useItem.minecraft.wooden_axe":13,"stat.drop.minecraft.wooden_axe":5,"stat.pickup.bibliocraft.bigbook":1}