{"stat.useItem.minecraft.string":98,"stat.pickup.minecraft.bone":18,"stat.pickup.flansmod.kskhelmet":2,"stat.drop.camping.campfire_wood_off":1,"stat.leaveGame":31,"stat.useItem.camping.trap":30,"stat.pickup.chisel.technicalnew":1,"stat.killEntity.Ozelot":1,"stat.drop.malisisdoors.verticalhatch":1,"stat.useItem.minecraft.diamond_sword":4,"stat.pickup.flansmod.chinook":5,"stat.pickup.immersiveengineering.metal_decoration1":1,"stat.pickup.immersiveengineering.metal_decoration2":1,"stat.useItem.immersiveengineering.metal_ladder":43,"stat.swimOneCm":11247,"stat.climbOneCm":101559,"stat.pickup.vs_control.physics_core":1,"stat.pickup.customnpcs.npcmobcloner":2,"stat.pickup.blockcraftery.editable_trap_door_reinforced":1,"stat.pickup.flansmod.kskboots":2,"stat.useItem.minecraft.dirt":43,"stat.useItem.minecraft.stone_slab2":3058,"stat.pickup.customnpcs.npcwand":2,"stat.useItem.minecraft.water_bucket":7,"stat.pickup.camping.sleeping_bag":1,"stat.pickup.minecraft.rotten_flesh":136,"stat.pickup.minecraft.sand":29,"stat.useItem.minecraft.egg":47,"stat.pickup.minecraft.anvil":1,"stat.drop.customnpcs.npcmobcloner":1,"stat.killEntity.Enderman":1,"stat.flyOneCm":3075946,"stat.pickup.securitycraft.reinforced_grass_path":6,"stat.pickup.appliedenergistics2.storage_cell_64k":20,"stat.pickup.flansmod.sigp226ammo":200,"stat.timeSinceDeath":67337,"stat.useItem.minecraft.spawn_egg":37,"stat.useItem.minecraft.wooden_slab":15,"stat.drop.securitycraft.keypad_chest":1,"stat.pickup.dynamictrees.darkoakseed":14,"stat.pickup.malisisdoors.verticalhatch":3,"stat.pickup.minecraft.wooden_axe":8,"stat.pickup.chisel.blocksteel":1,"stat.pickup.minecraft.stonebrick":4,"stat.drop.minecraft.dirt":3,"stat.pickup.flansmod.ak74ammo":1,"stat.killEntity.Creeper":5,"stat.drop.chisel.blocksteel":1,"stat.pickup.minecraft.string":16,"stat.drop.customnpcs.npcwand":1,"stat.drop.opencomputers.casecreative":1,"stat.pickup.flansmod.mwknife":1,"stat.pickup.camping.trap":1,"stat.useItem.immersiveengineering.wooden_decoration":4,"stat.drop.minecraft.birch_fence":1,"stat.pickup.flansmod.ak74":2,"stat.sprintOneCm":365654,"stat.pickup.immersiveengineering.tool":1,"stat.pickup.bibliocraft.potionshelf":1,"stat.pickup.minecraft.potion":1,"stat.useItem.minecraft.flint_and_steel":44,"stat.useItem.enderio.item_power_conduit":5,"stat.useItem.malisisdoors.verticalhatch":4,"stat.pickup.dynamictrees.oakseed":8,"stat.deaths":6,"stat.drop":32,"stat.pickup.minecraft.egg":1,"stat.playOneMinute":1037933,"stat.drop.minecraft.string":1,"stat.useItem.immersiveengineering.wooden_device0":33,"stat.pickup.compactmachines3.machine":1,"stat.killEntity.Zombie":11,"stat.pickup.minecraft.sea_lantern":2,"stat.pickup.minecraft.snowball":33,"stat.pickup.minecraft.dispenser":1,"stat.drop.extrautils2.spike_creative":1,"stat.useItem.camping.sleeping_bag":1,"stat.diveOneCm":14653,"stat.pickup.dynamictrees.jungleseed":22,"stat.pickup.flansmod.ak47ammo":8,"stat.useItem.immersiveengineering.tool":1,"stat.useItem.malisisdoors.rustyhatch":44,"stat.drop.immersiveengineering.metal_decoration1":1,"stat.pickup.minecraft.arrow":23,"stat.pickup.flansmod.juggernautbodybrown":2,"stat.useItem.blockcraftery.editable_pressure_plate_all":5,"stat.pickup.opencomputers.casecreative":1,"stat.useItem.immersiveengineering.metal_decoration1_slab":34,"stat.useItem.immersiveengineering.metal_decoration2":44,"stat.useItem.immersiveengineering.metal_decoration1":108,"stat.pickup.securitycraft.wire_cutters":1,"stat.jump":3154,"stat.useItem.minecraft.sand":18,"stat.pickup.minecraft.coal":44,"stat.fallOneCm":3181,"stat.useItem.immersivetech.connectors":11,"stat.pickup.minecraft.gunpowder":3,"stat.crouchOneCm":20494,"stat.pickup.minecraft.dirt":27,"stat.pickup.camping.campfire_wood_off":3,"stat.pickup.minecraft.command_block":1,"stat.pickup.flansmod.kskpants":3,"stat.useItem.vs_control.vs_wrench":1,"stat.pickup.securitycraft.keypad_chest":1,"stat.brewingstandInteraction":2,"stat.damageTaken":1822,"stat.dispenserInspected":7,"stat.pickup.minecraft.dark_oak_fence":256,"stat.useItem.camping.tent":1,"stat.pickup.minecraft.log2":50,"stat.pickup.minecraft.planks":1,"stat.useItem.customnpcs.npcwand":9,"stat.pickup.minecraft.wheat_seeds":27,"stat.drop.securitycraft.wire_cutters":1,"stat.damageDealt":3432,"stat.useItem.immersiveengineering.metal_device1":71,"stat.drop.chisel.technicalnew":1,"stat.pickup.flansmod.gignboots":2,"stat.useItem.chisel.blocksteel":3,"stat.useItem.customnpcs.npcmobcloner":26,"stat.pickup.minecraft.flint_and_steel":5,"stat.useItem.minecraft.command_block":5,"stat.walkOneCm":844780,"stat.pickup.immersiveengineering.seed":4,"stat.useItem.minecraft.torch":13,"stat.pickup.dynamictrees.birchseed":4,"stat.pickup.minecraft.stick":220,"stat.pickup.littleframes.creative_frame":1,"stat.useItem.enderio.item_redstone_conduit":4,"stat.pickup.cfm.crate_spruce":3,"stat.useItem.minecraft.gravel":4,"stat.useItem.immersiveengineering.sheetmetal":37,"stat.pickup.minecraft.log":371,"stat.drop.minecraft.stonebrick":1,"stat.drop.securitycraft.reinforced_grass_path":4,"stat.drop.minecraft.planks":1,"stat.pickup.chisel.iron":1,"stat.pickup.chisel.planks-spruce":1,"stat.pickup.blockcraftery.editable_pressure_plate_all":7,"stat.useItem.vs_control.rotation_axle":1,"stat.pickup.minecraft.ender_pearl":2,"stat.pickup.minecraft.sapling":1,"stat.pickup.minecraft.wooden_door":1,"stat.killEntity.Skeleton":8,"stat.drop.flansmod.ak74":1,"stat.pickup.opencomputers.keyboard":1,"stat.pickup.extrautils2.spike_creative":1,"stat.mobKills":56,"stat.pickup.flansmod.mwriotshield":1,"stat.drop.bibliocraft.bigbook":1,"stat.pickup.minecraft.birch_fence":1,"stat.pickup.minecraft.water_bucket":1,"stat.pickup.camping.tent":10,"stat.pickup.immersiveengineering.metal_device1":1,"stat.pickup.minecraft.torch":27,"stat.useItem.appliedenergistics2.part":113,"stat.sneakTime":14934,"stat.drop.minecraft.sea_lantern":2,"stat.drop.chisel.iron":1,"stat.useItem.minecraft.wooden_axe":13,"stat.drop.minecraft.wooden_axe":5,"stat.pickup.bibliocraft.bigbook":1,"stat.pickup.vs_control.giant_propeller_part":1}